{"H": -0.7996473511060079, "He": 0.046785563230514526, "Li": -0.791487870392976, "Be": -1.0626128911972046, "B": -0.5902214580112034, "C": -2.4314703146616616, "N": -1.0709549983342488, "O": -0.6931735277175903, "F": -0.7308396100997925, "Ne": -1.6746944983800252, "Na": -0.12195378204115885, "Mg": -4.15917444229126, "Al": -6.687607288360596, "Si": -4.284571011861165, "P": -0.20695548659459442, "S": -0.24164503812789917, "Cl": -1.500895341237386, "Ar": -4.6249691645304365, "K": -0.30061708450317387, "Ca": -7.016401608784993, "Sc": -5.67265510559082, "Ti": -4.2783545034903065, "V": -14.164236068725586, "Cr": -7.258132457733154, "Mn": -0.49904414542459374, "Fe": -7.227041721343994, "Co": -6.607075850168864, "Ni": -11.943329175313314, "Cu": -10.827106475830078, "Zn": -4.445927460988362, "Ga": -2.8466249306996665, "Ge": -6.85682471593221, "As": -7.2761796315511065, "Se": -0.21930988132953644, "Br": -13.333470344543457, "Kr": -12.481280962626139, "Rb": -1.7509442170461018, "Sr": -5.024929329201027, "Y": -6.74827476784035, "Zr": -11.35797087351481, "Nb": -24.779118220011394, "Mo": -26.078376134236652, "Tc": -12.99853229522705, "Ru": -12.686328887939453, "Rh": -24.14325523376465, "Pd": -22.941048940022785, "Ag": -7.112044864230685, "Cd": -20.093598047892254, "In": -7.52402581108941, "Sn": -12.280756632486979, "Sb": -12.784524917602539, "Te": -8.40095548276548, "I": -24.752570470174152, "Xe": -23.534866333007812, "Cs": -0.8717286801272047, "Ba": -13.199304262797037, "La": -7.419613679250081, "Ce": -15.384563763936361, "Pr": -7.338195006052653, "Nd": -7.334741274515788, "Pm": -7.370763460795085, "Sm": -7.414237817128499, "Eu": -39.6864382425944, "Gd": -20.54320017496745, "Tb": -10.391163296169703, "Dy": -10.65156611689815, "Ho": -10.951345655653213, "Er": -11.286716602466724, "Tm": -11.690920794451678, "Yb": -12.060328448260272, "Lu": -19.030303955078125, "Hf": -22.557095845540363, "Ta": -48.63984171549479, "W": -51.35218302408854, "Re": -26.215206782023113, "Os": -26.465260823567707, "Ir": -52.29173024495443, "Pt": -51.47611999511719, "Au": -50.569382985432945, "Hg": -24.656527837117512, "Tl": -17.713568228262442, "Pb": -56.239620208740234, "Bi": -14.601380666097006, "Ac": -17.133411407470703, "Th": -73.3762944539388, "Pa": -76.74305725097656, "U": -39.92837778727213, "Np": -10.386139233907064, "Pu": -43.03274408976237}
